"category","arabic_nominative","arabic_accusative","arabic_genitive","english"
"people","الشَّابُّ","الشَّابَّ","الشَّابِّ","the young man"
"people","الْوَلَدُ","الْوَلَدَ","الْوَلَدِ","the boy"
"people","الِابْنُ","الِابْنَ","الِابْنِ","the son"
"people","الْأَخُ","الْأَخَ","الْأَخِ","the brother"
"people","الْأَبُ","الْأَبَ","الْأَبِ","the father"
"people","الْجَدُّ","الْجَدَّ","الْجَدِّ","the grandfather"
"people","الْعَمُّ","الْعَمَّ","الْعَمِّ","the paternal uncle"
"people","الْخَالُ","الْخَالَ","الْخَالِ","the maternal uncle"
"people","الزَّوْجُ","الزَّوْجَ","الزَّوْجِ","the husband"
"people","الزَّمِيلُ","الزَّمِيلَ","الزَّمِيلِ","the colleague"
"people","الْمَلِكُ","الْمَلِكَ","الْمَلِكِ","the king"
"people","الْأَمِيرُ","الْأَمِيرَ","الْأَمِيرِ","the prince"
"people","الْوَزِيرُ","الْوَزِيرَ","الْوَزِيرِ","the minister"
"people","الرَّئِيسُ","الرَّئِيسَ","الرَّئِيسِ","the president"
"people","الْقَائِدُ","الْقَائِدَ","الْقَائِدِ","the commander"
"people","الضَّابِطُ","الضَّابِطَ","الضَّابِطِ","the officer"
"people","الْخَطِيبُ","الْخَطِيبَ","الْخَطِيبِ","the preacher"
"people","الْمُؤَذِّنُ","الْمُؤَذِّنَ","الْمُؤَذِّنِ","the muezzin"
"people","الصَّائِمُ","الصَّائِمَ","الصَّائِمِ","the fasting man"
"people","الْحَاجُّ","الْحَاجَّ","الْحَاجِّ","the pilgrim"
"people","الْيَتِيمُ","الْيَتِيمَ","الْيَتِيمِ","the orphan"
"people","الْمِسْكِينُ","الْمِسْكِينَ","الْمِسْكِينِ","the needy man"
"people","الْخَادِمُ","الْخَادِمَ","الْخَادِمِ","the servant"
"people","الْمُهَاجِرُ","الْمُهَاجِرَ","الْمُهَاجِرِ","the emigrant"
"people","الشَّاهِدُ","الشَّاهِدَ","الشَّاهِدِ","the witness"
"people","الْأُسْتَاذُ","الْأُسْتَاذَ","الْأُسْتَاذِ","the professor"
"people","الْمُدَرِّسُ","الْمُدَرِّسَ","الْمُدَرِّسِ","the instructor"
"people","الْمُحَاضِرُ","الْمُحَاضِرَ","الْمُحَاضِرِ","the lecturer"
"people","الْعَمِيدُ","الْعَمِيدَ","الْعَمِيدِ","the dean"
"people","الْمُتَعَلِّمُ","الْمُتَعَلِّمَ","الْمُتَعَلِّمِ","the learner"
"people","الْمُبْتَدِئُ","الْمُبْتَدِئَ","الْمُبْتَدِئِ","the beginner"
"people","النَّحْوِيُّ","النَّحْوِيَّ","النَّحْوِيِّ","the grammarian"
"people","اللُّغَوِيُّ","اللُّغَوِيَّ","اللُّغَوِيِّ","the linguist"
"people","الْأَدِيبُ","الْأَدِيبَ","الْأَدِيبِ","the literary man"
"people","الشَّاعِرُ","الشَّاعِرَ","الشَّاعِرِ","the poet"
"people","الْمُؤَرِّخُ","الْمُؤَرِّخَ","الْمُؤَرِّخِ","the historian"
"people","النَّاشِرُ","النَّاشِرَ","النَّاشِرِ","the publisher"
"people","الْوَرَّاقُ","الْوَرَّاقَ","الْوَرَّاقِ","the bookseller"
"people","الْخَطَّاطُ","الْخَطَّاطَ","الْخَطَّاطِ","the calligrapher"
"people","النَّاسِخُ","النَّاسِخَ","النَّاسِخِ","the copyist"
"people","الْمُحَقِّقُ","الْمُحَقِّقَ","الْمُحَقِّقِ","the text editor"
"people","الْمُرَاجِعُ","الْمُرَاجِعَ","الْمُرَاجِعِ","the reviewer"
"people","الْمُفَتِّشُ","الْمُفَتِّشَ","الْمُفَتِّشِ","the inspector"
"people","الْخَبِيرُ","الْخَبِيرَ","الْخَبِيرِ","the expert"
"people","الْمُسْتَشَارُ","الْمُسْتَشَارَ","الْمُسْتَشَارِ","the advisor"
"people","الْمَرِيضُ","الْمَرِيضَ","الْمَرِيضِ","the patient"
"people","الْجَرَّاحُ","الْجَرَّاحَ","الْجَرَّاحِ","the surgeon"
"people","الزَّبُونُ","الزَّبُونَ","الزَّبُونِ","the customer"
"people","الْمَالِكُ","الْمَالِكَ","الْمَالِكِ","the owner"
"people","الْمُسْتَأْجِرُ","الْمُسْتَأْجِرَ","الْمُسْتَأْجِرِ","the tenant"
"people","السَّائِحُ","السَّائِحَ","السَّائِحِ","the tourist"
"people","النَّادِلُ","النَّادِلَ","النَّادِلِ","the waiter"
"people","الْبَنَّاءُ","الْبَنَّاءَ","الْبَنَّاءِ","the builder"
"people","الرَّسَّامُ","الرَّسَّامَ","الرَّسَّامِ","the painter"
"people","اللَّاعِبُ","اللَّاعِبَ","اللَّاعِبِ","the player"
"people","الْمُسَاعِدُ","الْمُسَاعِدَ","الْمُسَاعِدِ","the assistant"
"thing","الْفَقْرَةُ","الْفَقْرَةَ","الْفَقْرَةِ","the paragraph"
"thing","السَّطْرُ","السَّطْرَ","السَّطْرِ","the line"
"thing","الْحَاشِيَةُ","الْحَاشِيَةَ","الْحَاشِيَةِ","the marginal note"
"thing","الْمَتْنُ","الْمَتْنَ","الْمَتْنِ","the main text"
"thing","الْمُخْتَصَرُ","الْمُخْتَصَرَ","الْمُخْتَصَرِ","the abridgment"
"thing","الْمُعْجَمُ","الْمُعْجَمَ","الْمُعْجَمِ","the dictionary"
"thing","الْفِهْرِسُ","الْفِهْرِسَ","الْفِهْرِسِ","the index"
"thing","الْمَرْجِعُ","الْمَرْجِعَ","الْمَرْجِعِ","the reference"
"thing","الْمَصْدَرُ","الْمَصْدَرَ","الْمَصْدَرِ","the source"
"thing","الْبَحْثُ","الْبَحْثَ","الْبَحْثِ","the research paper"
"thing","الْمَقَالُ","الْمَقَالَ","الْمَقَالِ","the article"
"thing","الْمَجَلَّةُ","الْمَجَلَّةَ","الْمَجَلَّةِ","the magazine"
"thing","النُّسْخَةُ","النُّسْخَةَ","النُّسْخَةِ","the copy"
"thing","الطَّبْعَةُ","الطَّبْعَةَ","الطَّبْعَةِ","the edition"
"thing","الْمُجَلَّدُ","الْمُجَلَّدَ","الْمُجَلَّدِ","the volume"
"thing","الْمَخْطُوطُ","الْمَخْطُوطَ","الْمَخْطُوطِ","the manuscript"
"thing","التَّفْسِيرُ","التَّفْسِيرَ","التَّفْسِيرِ","the exegesis"
"thing","الْفِقْهُ","الْفِقْهَ","الْفِقْهِ","the jurisprudence"
"thing","النَّحْوُ","النَّحْوَ","النَّحْوِ","the grammar"
"thing","الصَّرْفُ","الصَّرْفَ","الصَّرْفِ","the morphology"
"thing","الْبَلَاغَةُ","الْبَلَاغَةَ","الْبَلَاغَةِ","the rhetoric"
"thing","الْأَدَبُ","الْأَدَبَ","الْأَدَبِ","the literature"
"thing","التَّارِيخُ","التَّارِيخَ","التَّارِيخِ","the history"
"thing","الْعَقِيدَةُ","الْعَقِيدَةَ","الْعَقِيدَةِ","the creed"
"thing","الْمَذْهَبُ","الْمَذْهَبَ","الْمَذْهَبِ","the school of thought"
"thing","الِاصْطِلَاحُ","الِاصْطِلَاحَ","الِاصْطِلَاحِ","the technical term"
"thing","اللَّفْظُ","اللَّفْظَ","اللَّفْظِ","the wording"
"thing","الْفَائِدَةُ","الْفَائِدَةَ","الْفَائِدَةِ","the benefit"
"thing","الْخُلَاصَةُ","الْخُلَاصَةَ","الْخُلَاصَةِ","the summary"
"thing","النَّتِيجَةُ","النَّتِيجَةَ","النَّتِيجَةِ","the result"
"thing","الِاعْتِرَاضُ","الِاعْتِرَاضَ","الِاعْتِرَاضِ","the objection"
"thing","التَّمْرِينُ","التَّمْرِينَ","التَّمْرِينِ","the exercise"
"thing","الِامْتِحَانُ","الِامْتِحَانَ","الِامْتِحَانِ","the exam"
"thing","الشَّهَادَةُ","الشَّهَادَةَ","الشَّهَادَةِ","the certificate"
"thing","الْجَدْوَلُ","الْجَدْوَلَ","الْجَدْوَلِ","the chart"
"thing","الرَّسْمُ","الرَّسْمَ","الرَّسْمِ","the drawing"
"thing","الرَّمْزُ","الرَّمْزَ","الرَّمْزِ","the symbol"
"thing","الْحِبْرُ","الْحِبْرَ","الْحِبْرِ","the ink"
"thing","الْمِمْحَاةُ","الْمِمْحَاةَ","الْمِمْحَاةِ","the eraser"
"thing","الْمِسْطَرَةُ","الْمِسْطَرَةَ","الْمِسْطَرَةِ","the ruler"
"thing","الْغِلَافُ","الْغِلَافَ","الْغِلَافِ","the cover"
"thing","الرَّفُّ","الرَّفَّ","الرَّفِّ","the shelf"
"thing","الدُّرْجُ","الدُّرْجَ","الدُّرْجِ","the drawer"
"thing","الْمِحْفَظَةُ","الْمِحْفَظَةَ","الْمِحْفَظَةِ","the wallet"
"thing","اللَّوْحُ","اللَّوْحَ","اللَّوْحِ","the board"
"thing","الْمَحْبَرَةُ","الْمَحْبَرَةَ","الْمَحْبَرَةِ","the inkwell"
"thing","الْأَرِيكَةُ","الْأَرِيكَةَ","الْأَرِيكَةِ","the sofa"
"thing","السِّتَارَةُ","السِّتَارَةَ","السِّتَارَةِ","the curtain"
"thing","السَّجَّادَةُ","السَّجَّادَةَ","السَّجَّادَةِ","the carpet"
"thing","الْمِرْوَحَةُ","الْمِرْوَحَةَ","الْمِرْوَحَةِ","the fan"
"thing","الْمِكْوَاةُ","الْمِكْوَاةَ","الْمِكْوَاةِ","the iron"
"thing","الْغَسَّالَةُ","الْغَسَّالَةَ","الْغَسَّالَةِ","the washing machine"
"thing","الْمِكْنَسَةُ","الْمِكْنَسَةَ","الْمِكْنَسَةِ","the broom"
"thing","الدَّلْوُ","الدَّلْوَ","الدَّلْوِ","the bucket"
"thing","الْإِبْرَةُ","الْإِبْرَةَ","الْإِبْرَةِ","the needle"
"thing","الْخَيْطُ","الْخَيْطَ","الْخَيْطِ","the thread"
"thing","الْمِسْمَارُ","الْمِسْمَارَ","الْمِسْمَارِ","the nail"
"thing","الْمِطْرَقَةُ","الْمِطْرَقَةَ","الْمِطْرَقَةِ","the hammer"
"thing","الْمِنْشَارُ","الْمِنْشَارَ","الْمِنْشَارِ","the saw"
"thing","السُّلَّمُ","السُّلَّمَ","السُّلَّمِ","the ladder"
"thing","الْمِيزَانُ","الْمِيزَانَ","الْمِيزَانِ","the scale"
"thing","الْقُفْلُ","الْقُفْلَ","الْقُفْلِ","the lock"
"thing","الصِّينِيَّةُ","الصِّينِيَّةَ","الصِّينِيَّةِ","the tray"
"thing","الْإِنَاءُ","الْإِنَاءَ","الْإِنَاءِ","the vessel"
"thing","الْقِدْرُ","الْقِدْرَ","الْقِدْرِ","the pot"
"thing","الشَّوْكَةُ","الشَّوْكَةَ","الشَّوْكَةِ","the fork"
"thing","الْإِبْرِيقُ","الْإِبْرِيقَ","الْإِبْرِيقِ","the pitcher"
"thing","الزَّيْتُ","الزَّيْتَ","الزَّيْتِ","the oil"
"thing","الْعَسَلُ","الْعَسَلَ","الْعَسَلِ","the honey"
"thing","الْجُبْنُ","الْجُبْنَ","الْجُبْنِ","the cheese"
"thing","اللَّحْمُ","اللَّحْمَ","اللَّحْمِ","the meat"
"thing","الْبَيْضُ","الْبَيْضَ","الْبَيْضِ","the eggs"
"thing","السَّمَكُ","السَّمَكَ","السَّمَكِ","the fish"
"thing","التَّمْرُ","التَّمْرَ","التَّمْرِ","the dates"
"thing","الْعِنَبُ","الْعِنَبَ","الْعِنَبِ","the grapes"
"thing","الْعَصِيرُ","الْعَصِيرَ","الْعَصِيرِ","the juice"
"thing","الْقَمِيصُ","الْقَمِيصَ","الْقَمِيصِ","the shirt"
"thing","الْمِعْطَفُ","الْمِعْطَفَ","الْمِعْطَفِ","the coat"
"thing","الْعِمَامَةُ","الْعِمَامَةَ","الْعِمَامَةِ","the turban"
"thing","النَّظَّارَةُ","النَّظَّارَةَ","النَّظَّارَةِ","the eyeglasses"
"thing","الْجِلْدُ","الْجِلْدَ","الْجِلْدِ","the leather"
"thing","الْقُطْنُ","الْقُطْنَ","الْقُطْنِ","the cotton"
"thing","الزُّجَاجُ","الزُّجَاجَ","الزُّجَاجِ","the glass"
"thing","الْوَرَقُ","الْوَرَقَ","الْوَرَقِ","the paper"
"thing","الْحَافِلَةُ","الْحَافِلَةَ","الْحَافِلَةِ","the bus"
"thing","الْقِطَارُ","الْقِطَارَ","الْقِطَارِ","the train"
"thing","الطَّائِرَةُ","الطَّائِرَةَ","الطَّائِرَةِ","the airplane"
"thing","السَّفِينَةُ","السَّفِينَةَ","السَّفِينَةِ","the ship"
"thing","الشَّاحِنَةُ","الشَّاحِنَةَ","الشَّاحِنَةِ","the truck"
"thing","الطَّابِعَةُ","الطَّابِعَةَ","الطَّابِعَةِ","the printer"
"thing","الشَّاشَةُ","الشَّاشَةَ","الشَّاشَةِ","the screen"
"thing","الثَّمَنُ","الثَّمَنَ","الثَّمَنِ","the price"
"thing","الْعَقْدُ","الْعَقْدَ","الْعَقْدِ","the contract"
"thing","الْجَائِزَةُ","الْجَائِزَةَ","الْجَائِزَةِ","the prize"
"thing","الْمُشْكِلَةُ","الْمُشْكِلَةَ","الْمُشْكِلَةِ","the problem"
"thing","الْمَبْلَغُ","الْمَبْلَغَ","الْمَبْلَغِ","the sum"
"thing","الرَّاتِبُ","الرَّاتِبَ","الرَّاتِبِ","the salary"
"place","الْمَتْجَرُ","الْمَتْجَرَ","الْمَتْجَرِ","the store"
"place","الدُّكَّانُ","الدُّكَّانَ","الدُّكَّانِ","the shop"
"place","الْمَخْزَنُ","الْمَخْزَنَ","الْمَخْزَنِ","the warehouse"
"place","الْمَطْبَخُ","الْمَطْبَخَ","الْمَطْبَخِ","the kitchen"
"place","الْمَجْلِسُ","الْمَجْلِسَ","الْمَجْلِسِ","the sitting room"
"place","الْمَمَرُّ","الْمَمَرَّ","الْمَمَرِّ","the corridor"
"place","الْمَدْخَلُ","الْمَدْخَلَ","الْمَدْخَلِ","the entrance"
"place","الْمَخْرَجُ","الْمَخْرَجَ","الْمَخْرَجِ","the exit"
"place","الْفِنَاءُ","الْفِنَاءَ","الْفِنَاءِ","the courtyard"
"place","الشُّرْفَةُ","الشُّرْفَةَ","الشُّرْفَةِ","the balcony"
"place","الْبُسْتَانُ","الْبُسْتَانَ","الْبُسْتَانِ","the orchard"
"place","الْحَقْلُ","الْحَقْلَ","الْحَقْلِ","the field"
"place","الْغَابَةُ","الْغَابَةَ","الْغَابَةِ","the forest"
"place","النَّفَقُ","النَّفَقَ","النَّفَقِ","the tunnel"
"place","الْمَوْقِفُ","الْمَوْقِفَ","الْمَوْقِفِ","the parking lot"
"place","الرَّوْضَةُ","الرَّوْضَةَ","الرَّوْضَةِ","the kindergarten"
"place","الْقَاعَةُ","الْقَاعَةَ","الْقَاعَةِ","the hall"
"place","الْمُدَرَّجُ","الْمُدَرَّجَ","الْمُدَرَّجِ","the lecture hall"
"place","الْمَعْرِضُ","الْمَعْرِضَ","الْمَعْرِضِ","the exhibition"
"place","الْمَحْكَمَةُ","الْمَحْكَمَةَ","الْمَحْكَمَةِ","the courthouse"
"place","الشَّرِكَةُ","الشَّرِكَةَ","الشَّرِكَةِ","the company"
"place","الْمُؤَسَّسَةُ","الْمُؤَسَّسَةَ","الْمُؤَسَّسَةِ","the institution"
"place","الْجَمْعِيَّةُ","الْجَمْعِيَّةَ","الْجَمْعِيَّةِ","the association"
"place","الضَّاحِيَةُ","الضَّاحِيَةَ","الضَّاحِيَةِ","the suburb"
"place","الْعَاصِمَةُ","الْعَاصِمَةَ","الْعَاصِمَةِ","the capital"
"place","الْمَسْكَنُ","الْمَسْكَنَ","الْمَسْكَنِ","the residence"
"place","الْحِصْنُ","الْحِصْنَ","الْحِصْنِ","the fortress"
"place","الْبُرْجُ","الْبُرْجَ","الْبُرْجِ","the tower"
"place","الْمُنْتَزَهُ","الْمُنْتَزَهَ","الْمُنْتَزَهِ","the park"
"place","الزُّقَاقُ","الزُّقَاقَ","الزُّقَاقِ","the alley"
"place","الصَّالَةُ","الصَّالَةَ","الصَّالَةِ","the lounge"
"place","الْمَقْصِفُ","الْمَقْصِفَ","الْمَقْصِفِ","the canteen"
"place","الْوِلَايَةُ","الْوِلَايَةَ","الْوِلَايَةِ","the province"
"place","الْمِحْرَابُ","الْمِحْرَابَ","الْمِحْرَابِ","the prayer niche"
"place","الْمِينَاءُ","الْمِينَاءَ","الْمِينَاءِ","the harbor"
"place","الْإِقْلِيمُ","الْإِقْلِيمَ","الْإِقْلِيمِ","the region"
"place","الْمَرْصَدُ","الْمَرْصَدَ","الْمَرْصَدِ","the observatory"
"place","الْمَسْبَحُ","الْمَسْبَحَ","الْمَسْبَحِ","the swimming pool"
"place","الْمَجْمَعُ","الْمَجْمَعَ","الْمَجْمَعِ","the complex"
"place","الْمَطْبَعَةُ","الْمَطْبَعَةَ","الْمَطْبَعَةِ","the printing house"
"broken plural (human)","الْأَوْلَادُ","الْأَوْلَادَ","الْأَوْلَادِ","the boys"
"broken plural (human)","الْإِخْوَانُ","الْإِخْوَانَ","الْإِخْوَانِ","the brothers"
"broken plural (human)","الْمُلُوكُ","الْمُلُوكَ","الْمُلُوكِ","the kings"
"broken plural (human)","الْجُنُودُ","الْجُنُودَ","الْجُنُودِ","the soldiers"
"broken plural (human)","الشُّيُوخُ","الشُّيُوخَ","الشُّيُوخِ","the shaykhs"
"broken plural (human)","الْقُضَاةُ","الْقُضَاةَ","الْقُضَاةِ","the judges"
"broken plural (human)","الْأَئِمَّةُ","الْأَئِمَّةَ","الْأَئِمَّةِ","the imams"
"broken plural (human)","السُّكَّانُ","السُّكَّانَ","السُّكَّانِ","the residents"
"broken plural (thing)","الْأَوْرَاقُ","الْأَوْرَاقَ","الْأَوْرَاقِ","the papers"
"broken plural (thing)","الْعُلُومُ","الْعُلُومَ","الْعُلُومِ","the sciences"
"broken plural (thing)","الْفُنُونُ","الْفُنُونَ","الْفُنُونِ","the arts"
"broken plural (thing)","الْأَقْوَالُ","الْأَقْوَالَ","الْأَقْوَالِ","the statements"
"broken plural (thing)","الْآرَاءُ","الْآرَاءَ","الْآرَاءِ","the opinions"
"broken plural (thing)","الْأَدِلَّةُ","الْأَدِلَّةَ","الْأَدِلَّةِ","the proofs"
"broken plural (thing)","الْأَحْكَامُ","الْأَحْكَامَ","الْأَحْكَامِ","the rulings"
"broken plural (thing)","الْأَخْبَارُ","الْأَخْبَارَ","الْأَخْبَارِ","the news reports"
"broken plural (thing)","الصُّوَرُ","الصُّوَرَ","الصُّوَرِ","the pictures"
"broken plural (thing)","الْجُسُورُ","الْجُسُورَ","الْجُسُورِ","the bridges"
"broken plural (thing)","الْأَطْعِمَةُ","الْأَطْعِمَةَ","الْأَطْعِمَةِ","the foods"
"broken plural (thing)","الْحُقُوقُ","الْحُقُوقَ","الْحُقُوقِ","the rights"
"broken plural (thing)","الْأَعْمَالُ","الْأَعْمَالَ","الْأَعْمَالِ","the deeds"
"broken plural (thing)","الْأَسْمَاءُ","الْأَسْمَاءَ","الْأَسْمَاءِ","the nouns"
"broken plural (thing)","الْأَفْعَالُ","الْأَفْعَالَ","الْأَفْعَالِ","the verbs"
"dual","الْمُهَنْدِسَانِ","الْمُهَنْدِسَيْنِ","الْمُهَنْدِسَيْنِ","the two engineers"
"dual","الْعَامِلَانِ","الْعَامِلَيْنِ","الْعَامِلَيْنِ","the two workers"
"dual","الْبَاحِثَانِ","الْبَاحِثَيْنِ","الْبَاحِثَيْنِ","the two researchers"
"dual","السَّائِقَانِ","السَّائِقَيْنِ","السَّائِقَيْنِ","the two drivers"
"dual","الْمُسْلِمَانِ","الْمُسْلِمَيْنِ","الْمُسْلِمَيْنِ","the two Muslim men"
"dual","الدَّفْتَرَانِ","الدَّفْتَرَيْنِ","الدَّفْتَرَيْنِ","the two notebooks"
"dual","الْكُرْسِيَّانِ","الْكُرْسِيَّيْنِ","الْكُرْسِيَّيْنِ","the two chairs"
"dual","الصُّنْدُوقَانِ","الصُّنْدُوقَيْنِ","الصُّنْدُوقَيْنِ","the two boxes"
"dual","الْمِصْبَاحَانِ","الْمِصْبَاحَيْنِ","الْمِصْبَاحَيْنِ","the two lamps"
"dual","الطَّاوِلَتَانِ","الطَّاوِلَتَيْنِ","الطَّاوِلَتَيْنِ","the two tables"
"dual","الْمِفْتَاحَانِ","الْمِفْتَاحَيْنِ","الْمِفْتَاحَيْنِ","the two keys"
"sound masculine plural","الصَّابِرُونَ","الصَّابِرِينَ","الصَّابِرِينَ","the patient men"
"sound masculine plural","الْمُتَعَلِّمُونَ","الْمُتَعَلِّمِينَ","الْمُتَعَلِّمِينَ","the learners"
"sound masculine plural","الْمُدَرِّسُونَ","الْمُدَرِّسِينَ","الْمُدَرِّسِينَ","the instructors"
"sound masculine plural","الْمُوَظَّفُونَ","الْمُوَظَّفِينَ","الْمُوَظَّفِينَ","the employees"
"sound masculine plural","الْمُشْرِفُونَ","الْمُشْرِفِينَ","الْمُشْرِفِينَ","the supervisors"
"sound masculine plural","الْمُتَرْجِمُونَ","الْمُتَرْجِمِينَ","الْمُتَرْجِمِينَ","the translators"
"sound masculine plural","الْمُهَاجِرُونَ","الْمُهَاجِرِينَ","الْمُهَاجِرِينَ","the emigrants"
"sound masculine plural","الْمُؤَلِّفُونَ","الْمُؤَلِّفِينَ","الْمُؤَلِّفِينَ","the authors"
"sound feminine plural","الْمُؤْمِنَاتُ","الْمُؤْمِنَاتِ","الْمُؤْمِنَاتِ","the believing women"
"sound feminine plural","الصَّالِحَاتُ","الصَّالِحَاتِ","الصَّالِحَاتِ","the righteous women"
"sound feminine plural","الصَّادِقَاتُ","الصَّادِقَاتِ","الصَّادِقَاتِ","the truthful women"
"sound feminine plural","الْمُتَعَلِّمَاتُ","الْمُتَعَلِّمَاتِ","الْمُتَعَلِّمَاتِ","the female learners"
"sound feminine plural","الْمُدَرِّسَاتُ","الْمُدَرِّسَاتِ","الْمُدَرِّسَاتِ","the female instructors"
"sound feminine plural","الْمُوَظَّفَاتُ","الْمُوَظَّفَاتِ","الْمُوَظَّفَاتِ","the female employees"
"sound feminine plural","الْمُتَرْجِمَاتُ","الْمُتَرْجِمَاتِ","الْمُتَرْجِمَاتِ","the female translators"
"sound feminine plural","الْأُمَّهَاتُ","الْأُمَّهَاتِ","الْأُمَّهَاتِ","the mothers"
"predicate","سَعِيدٌ","سَعِيدًا","","joyful"
"predicate","حَزِينٌ","حَزِينًا","","sad"
"predicate","تَعِبٌ","تَعِبًا","","tired"
"predicate","جَائِعٌ","جَائِعًا","","hungry"
"predicate","نَائِمٌ","نَائِمًا","","asleep"
"predicate","مُسْتَيْقِظٌ","مُسْتَيْقِظًا","","awake"
"predicate","جَالِسٌ","جَالِسًا","","seated"
"predicate","مُسْتَقِيمٌ","مُسْتَقِيمًا","","upright"
"predicate","غَائِبٌ","غَائِبًا","","absent"
"predicate","مُنْتَظَرٌ","مُنْتَظَرًا","","awaited"
"predicate","مُقِيمٌ","مُقِيمًا","","resident"
"predicate","زَائِرٌ","زَائِرًا","","a visitor"
"predicate","مُتَعَاوِنٌ","مُتَعَاوِنًا","","cooperative"
"predicate","بَعِيدٌ","بَعِيدًا","","far away"
"predicate","ضَعِيفٌ","ضَعِيفًا","","weak"
"predicate","بَطِيءٌ","بَطِيئًا","","slow"
"predicate","صَحِيحٌ","صَحِيحًا","","healthy"
"predicate","صَغِيرٌ","صَغِيرًا","","young"
"predicate","كَبِيرٌ","كَبِيرًا","","elderly"
"predicate","بَالِغٌ","بَالِغًا","","mature"
"predicate","مُتَزَوِّجٌ","مُتَزَوِّجًا","","married"
"predicate","مُتَفَرِّغٌ","مُتَفَرِّغًا","","free"
"predicate","نَاجِحٌ","نَاجِحًا","","successful"
"predicate","مُتَمَيِّزٌ","مُتَمَيِّزًا","","outstanding"
"predicate","مُبَارَكٌ","مُبَارَكًا","","blessed"
"predicate","مُطِيعٌ","مُطِيعًا","","obedient"
"predicate","مُحْتَرَمٌ","مُحْتَرَمًا","","respected"
"predicate","مَسْؤُولٌ","مَسْؤُولًا","","responsible"
"predicate","مُتَفَائِلٌ","مُتَفَائِلًا","","optimistic"
"predicate","مُتَشَائِمٌ","مُتَشَائِمًا","","pessimistic"
"predicate","وَاثِقٌ","وَاثِقًا","","confident"
"predicate","حَازِمٌ","حَازِمًا","","decisive"
"predicate","مُهْمِلٌ","مُهْمِلًا","","negligent"
"predicate","دَقِيقٌ","دَقِيقًا","","precise"
"predicate","مُتْقِنٌ","مُتْقِنًا","","meticulous"
"predicate","بَلِيغٌ","بَلِيغًا","","articulate"
"predicate","مُتَحَمِّسٌ","مُتَحَمِّسًا","","enthusiastic"
"predicate","مُنْتَبِهٌ","مُنْتَبِهًا","","attentive"
"predicate","مُتَرَدِّدٌ","مُتَرَدِّدًا","","hesitant"
"predicate","مُخْطِئٌ","مُخْطِئًا","","mistaken"
"predicate","بَرِيءٌ","بَرِيئًا","","innocent"
"predicate","مُحْسِنٌ","مُحْسِنًا","","benevolent"
"predicate","ظَالِمٌ","ظَالِمًا","","unjust"
"predicate","قَانِعٌ","قَانِعًا","","content"
"predicate","بَخِيلٌ","بَخِيلًا","","stingy"
"predicate","خَجُولٌ","خَجُولًا","","shy"
"predicate","جَرِيءٌ","جَرِيئًا","","bold"
"predicate","رَحِيمٌ","رَحِيمًا","","merciful"
"predicate","حَنُونٌ","حَنُونًا","","affectionate"
"predicate","حَلِيمٌ","حَلِيمًا","","forbearing"
"predicate","عَجُولٌ","عَجُولًا","","hasty"
"predicate","وَقُورٌ","وَقُورًا","","dignified"
"predicate","سَاكِتٌ","سَاكِتًا","","silent"
"predicate","مُتَأَخِّرٌ","مُتَأَخِّرًا","","late"
"predicate","جَاهِلٌ","جَاهِلًا","","ignorant"
"predicate","غَاضِبٌ","غَاضِبًا","","angry"
"predicate","قَلِقٌ","قَلِقًا","","anxious"
"predicate","خَائِفٌ","خَائِفًا","","afraid"
"predicate","عَابِدٌ","عَابِدًا","","devout"
"predicate","مُهَذَّبٌ","مُهَذَّبًا","","well-mannered"

"category","arabic_past","arabic_present","english_infinitive","english_3ms","english_past","object_group"
"verb","أَرْشَدَ","يُرْشِدُ","guide","guides","guided","people"
"verb","وَجَّهَ","يُوَجِّهُ","direct","directs","directed","people"
"verb","لَقَّنَ","يُلَقِّنُ","instruct","instructs","instructed","people"
"verb","أَدَّبَ","يُؤَدِّبُ","discipline","disciplines","disciplined","people"
"verb","كَافَأَ","يُكَافِئُ","reward","rewards","rewarded","people"
"verb","عَاقَبَ","يُعَاقِبُ","punish","punishes","punished","people"
"verb","اِسْتَشَارَ","يَسْتَشِيرُ","consult","consults","consulted","people"
"verb","خَاطَبَ","يُخَاطِبُ","speak to","speaks to","spoke to","people"
"verb","وَدَّعَ","يُوَدِّعُ","bid farewell to","bids farewell to","bade farewell to","people"
"verb","اِنْتَظَرَ","يَنْتَظِرُ","wait for","waits for","waited for","people"
"verb","صَافَحَ","يُصَافِحُ","shake hands with","shakes hands with","shook hands with","people"
"verb","عَانَقَ","يُعَانِقُ","embrace","embraces","embraced","people"
"verb","مَدَحَ","يَمْدَحُ","praise","praises","praised","people"
"verb","جَالَسَ","يُجَالِسُ","sit with","sits with","sat with","people"
"verb","دَعَمَ","يَدْعَمُ","support","supports","supported","people"
"verb","خَدَمَ","يَخْدُمُ","serve","serves","served","people"
"verb","أَطَاعَ","يُطِيعُ","obey","obeys","obeyed","people"
"verb","أَعَانَ","يُعِينُ","aid","aids","aided","people"
"verb","عَيَّنَ","يُعَيِّنُ","appoint","appoints","appointed","people"
"verb","رَشَّحَ","يُرَشِّحُ","nominate","nominates","nominated","people"
"verb","اِنْتَخَبَ","يَنْتَخِبُ","elect","elects","elected","people"
"verb","مَثَّلَ","يُمَثِّلُ","represent","represents","represented","people"
"verb","أَبْلَغَ","يُبْلِغُ","notify","notifies","notified","people"
"verb","اِسْتَضَافَ","يَسْتَضِيفُ","host","hosts","hosted","people"
"verb","أَنْقَذَ","يُنْقِذُ","rescue","rescues","rescued","people"
"verb","عَالَجَ","يُعَالِجُ","treat","treats","treated","people"
"verb","أَطْعَمَ","يُطْعِمُ","feed","feeds","fed","people"
"verb","طَالَعَ","يُطَالِعُ","peruse","peruses","perused","study"
"verb","أَتْقَنَ","يُتْقِنُ","master","masters","mastered","study"
"verb","تَصَفَّحَ","يَتَصَفَّحُ","browse","browses","browsed","browsable"
"verb","فَهْرَسَ","يُفَهْرِسُ","index","indexes","indexed","browsable"
"verb","غَلَّفَ","يُغَلِّفُ","bind","binds","bound","browsable"
"verb","اِسْتَنْسَخَ","يَسْتَنْسِخُ","transcribe","transcribes","transcribed","browsable"
"verb","نَقَّحَ","يُنَقِّحُ","revise","revises","revised","editableText"
"verb","هَذَّبَ","يُهَذِّبُ","refine","refines","refined","editableText"
"verb","اِخْتَصَرَ","يَخْتَصِرُ","abridge","abridges","abridged","editableText"
"verb","أَطَالَ","يُطِيلُ","lengthen","lengthens","lengthened","editableText"
"verb","أَجَازَ","يُجِيزُ","authorize","authorizes","authorized","editableText"
"verb","عَنْوَنَ","يُعَنْوِنُ","title","titles","titled","editableText"
"verb","أَعْرَبَ","يُعْرِبُ","parse","parses","parsed","parsable"
"verb","صَاغَ","يَصُوغُ","formulate","formulates","formulated","formulable"
"verb","سَرَدَ","يَسْرُدُ","recount","recounts","recounted","narratable"
"verb","اِسْتَعْرَضَ","يَسْتَعْرِضُ","survey","surveys","surveyed","discussable"
"verb","اِسْتَوْعَبَ","يَسْتَوْعِبُ","grasp","grasps","grasped","explainable"
"verb","اِسْتَنْتَجَ","يَسْتَنْتِجُ","conclude","concludes","concluded","derivable"
"verb","تَأَمَّلَ","يَتَأَمَّلُ","contemplate","contemplates","contemplated","reflectable"
"verb","تَتَبَّعَ","يَتَتَبَّعُ","trace","traces","traced","abstract"
"verb","كَتَمَ","يَكْتُمُ","withhold","withholds","withheld","message"
"verb","أَرْفَقَ","يُرْفِقُ","attach","attaches","attached","message"
"verb","أَجَّلَ","يُؤَجِّلُ","postpone","postpones","postponed","project"
"verb","أَنْجَزَ","يُنْجِزُ","accomplish","accomplishes","accomplished","project"
"verb","بَاشَرَ","يُبَاشِرُ","commence","commences","commenced","project"
"verb","تَابَعَ","يُتَابِعُ","follow up on","follows up on","followed up on","project"
"verb","أَتَمَّ","يُتِمُّ","finish","finishes","finished","project"
"verb","اِسْتَأْنَفَ","يَسْتَأْنِفُ","resume","resumes","resumed","project"
"verb","طَبَّقَ","يُطَبِّقُ","apply","applies","applied","applicable"
"verb","قَرَّرَ","يُقَرِّرُ","affirm","affirms","affirmed","applicable"
"verb","أَسَّسَ","يُؤَسِّسُ","establish","establishes","established","places"
"verb","عَمَّرَ","يُعَمِّرُ","build up","builds up","built up","places"
"verb","رَمَّمَ","يُرَمِّمُ","restore","restores","restored","places"
"verb","اِفْتَتَحَ","يَفْتَتِحُ","inaugurate","inaugurates","inaugurated","places"
"verb","سَكَنَ","يَسْكُنُ","live in","lives in","lived in","enterablePlaces"
"verb","حَفَرَ","يَحْفِرُ","dig","digs","dug","diggableGround"
"verb","اِبْتَاعَ","يَبْتَاعُ","purchase","purchases","purchased","tradable"
"verb","أَنْفَقَ","يُنْفِقُ","spend","spends","spent","money"
"verb","اِدَّخَرَ","يَدَّخِرُ","save up","saves up","saved up","money"
"verb","أَقْرَضَ","يُقْرِضُ","loan","loans","loaned","money"
"verb","أَوْدَعَ","يُودِعُ","deposit","deposits","deposited","money"
"verb","سَدَّدَ","يُسَدِّدُ","pay","pays","paid","payable"
"verb","وَفَّرَ","يُوَفِّرُ","provide","provides","provided","requestable"
"verb","مَنَحَ","يَمْنَحُ","grant","grants","granted","offerable"
"verb","وَهَبَ","يَهَبُ","bestow","bestows","bestowed","offerable"
"verb","أَعَدَّ","يُعِدُّ","prepare","prepares","prepared","food"
"verb","تَذَوَّقَ","يَتَذَوَّقُ","savor","savors","savored","food"
"verb","قَطَّعَ","يُقَطِّعُ","chop","chops","chopped","choppable"
"verb","حَصَدَ","يَحْصُدُ","harvest","harvests","harvested","harvestable"
"verb","قَطَفَ","يَقْطِفُ","pick","picks","picked","harvestable"
"verb","اِسْتَخْدَمَ","يَسْتَخْدِمُ","utilize","utilizes","utilized","tool"
"verb","جَرَّبَ","يُجَرِّبُ","try out","tries out","tried out","device"
"verb","عَدَّلَ","يُعَدِّلُ","adjust","adjusts","adjusted","device"
"verb","رَاقَبَ","يُرَاقِبُ","monitor","monitors","monitored","device"
"verb","ثَبَّتَ","يُثَبِّتُ","fasten","fastens","fastened","installable"
"verb","أَتْلَفَ","يُتْلِفُ","damage","damages","damaged","physicalDevice"
"verb","مَزَّقَ","يُمَزِّقُ","tear up","tears up","tore up","tearable"
"verb","شَدَّ","يَشُدُّ","tighten","tightens","tightened","tieable"
"verb","سَتَرَ","يَسْتُرُ","conceal","conceals","concealed","takeable"
"verb","اِسْتَرْجَعَ","يَسْتَرْجِعُ","retrieve","retrieves","retrieved","takeable"
"verb","صَانَ","يَصُونُ","preserve","preserves","preserved","ownable"
"verb","عَدَّدَ","يُعَدِّدُ","enumerate","enumerates","enumerated","countable"
"verb","رَقَّمَ","يُرَقِّمُ","number","numbers","numbered","countable"
"verb","أَظْهَرَ","يُظْهِرُ","show","shows","showed","media"
"verb","أَعْلَنَ","يُعْلِنُ","announce","announces","announced","broadcast"
"verb","أَنْتَجَ","يُنْتِجُ","produce","produces","produced","manufacturable"
"verb","سَاقَ","يَسُوقُ","drive","drives","drove","vehicle"
"verb","تَجَاوَزَ","يَتَجَاوَزُ","overtake","overtakes","overtook","vehicle"
